DWS9.FORM.1006,22925
FGLIFE9.FORM.1001,21779
FGLIFE9.FORM.1001,21782
FGLIFE9.FORM.1001,21799
FGLIFE9.FORM.1004,93433
FMC9.FORM.1001,204920
FMC9.FORM.1001,204938
FMC9.FORM.1001,204949
FMC9.FORM.1001,204951
FMC9.FORM.1001,204981
FMC9.FORM.1001,205588
FMSC9.FORM.1001,161834
FMSC9.FORM.1004,19378
GYEN9.FORM.1006,75064
IPS9.FORM.1001,9760
"KKC9.FORM.1006,KKC9.FORM.1008",9349
KONE9.FORM.1001,36986
LOUISA9.FORM.1001,141678
LOUISA9.FORM.1006,311146
LVMHB9.FORM.1001,16037
LVMHB9.FORM.1001,16040
LVMHB9.FORM.1001,16042
MEDICURE9.FORM.1006,44694
"MEDICURE9.FORM.1006,MEDICURE9.FORM.1007",43464
MIAGROUP9.FORM.1001,68016
MIAGROUP9.FORM.1004,18456
MIAGROUP9.FORM.1006,89662
MIAGROUP9.FORM.1006,90077
MIAGROUP9.FORM.1006,90078
MOXA9.FORM.1001,78183
NEXTDRIVE9.FORM.1001,24342
NINEXNINE9.FORM.1004,51327
NMB9.FORM.1001,3731
PLENUS9.FORM.1001,121610
PLENUS9.FORM.1001,121612
PLENUS9.FORM.1001,121615
PLENUS9.FORM.1001,122142
RHINOS9.FORM.1004,51179
"RHINOS9.FORM.2002,RHINOS9.FORM.1007",354
SGS9.FORM.1004,51394
SGS9.FORM.3003,160470
SGS9.FORM.3003,160810
SGS9.FORM.3003,160817
SGS9.FORM.3003,160825
SGS9.FORM.3003,161459
"SGS9.FORM.3003,SGS9.FORM.3005",157029
"SGS9.FORM.3003,SGS9.FORM.3005",157463
"SGS9.FORM.3003,SGS9.FORM.3005",157989
SHOPEE9.FORM.1001,1200052
SHOPEE9.FORM.1001,1260374
SHOPEE9.FORM.1001,1260495
SHOPEE9.FORM.1001,1260561
SHOPEE9.FORM.1001,1260614
SHOPEE9.FORM.1001,1260638
SHOPEE9.FORM.1001,1265978
SHOPEE9.FORM.1001,1266819
SHOPEE9.FORM.1001,1266824
SOFTSTAR9.FORM.1004,10641
SPIROX9.FORM.1001,38072
SWASH9.FORM.1004,36802
T0129.FORM.1001,4451
T0129.FORM.1001,4497
T0129.FORM.1001,4520
T0129.FORM.1001,4714
TEKTRO9.FORM.1004,93776
TKE9.FORM.1001,10302
TKE9.FORM.1001,10305
TKK9.FORM.1004,5603
TNLMG9.FORM.1001,20067
TNLMG9.FORM.1001,20141
TWSSDGHZ9.FORM.1001,10102
TXONE9.FORM.1004,14533
UCT9.FORM.1001,3714
WVT9.FORM.1001,39306
CARPLUS9.FORM.1001,26153
DWS9.FORM.1006,22925
FMC9.FORM.1001,205588
PROFEDER9.FORM.1001,176
SGS9.FORM.1004,51394
SHOPEE9.FORM.1001,1266819
SHOPEE9.FORM.1001,1266824
SHOPEE9.FORM.1001,1268448
T0129.FORM.1006,1233
UCT9.FORM.1001,3714
